芙蓉公寓 4室2厅 3500元,芙蓉公寓  ,马王堆租房,4室2厅  ,148平米  ,南,随时看房,3500,1,furong
长房白沙湾 4室2厅 2600元,长房白沙湾  ,马王堆租房,4室2厅  ,158平米  ,南,随时看房,2600,0,furong
长房白沙湾 3室2厅 3200元,长房白沙湾  ,马王堆租房,3室2厅  ,111平米  ,南,随时看房,3200,4,furong
随时可看 业主自住精装修 全新家电,湘域中央  ,火车站租房,3室2厅  ,137平米  ,北,距离2号线袁家岭站284米,5800,1,furong
东方银座 1室1厅 1500元,东方银座  ,马王堆租房,1室1厅  ,40平米  ,南,距离2号线锦泰广场站971米,1500,7,furong
安泰新村 2室1厅 1500元,安泰新村  ,马王堆租房,2室1厅  ,80平米  ,南 北,距离2号线锦泰广场站934米,1500,3,furong
华城广场 2室2厅 3000元,华城广场  ,德政园租房,2室2厅  ,90平米  ,北,距离2号线万家丽广场站760米,3000,1,furong
万象新天 2室1厅 2800元,万象新天  ,晚报租房,2室1厅  ,80平米  ,南,距离2号线长沙火车站站1094米,2800,0,furong
恒大江湾 3室2厅 2400元,恒大江湾  ,汽车东站租房,3室2厅  ,93平米  ,南,随时看房,2400,3,furong
鑫科明珠 3室2厅 3000元,鑫科明珠  ,马王堆租房,3室2厅  ,108平米  ,南,随时看房,3000,4,furong
长房白沙湾 3室2厅 1200元,长房白沙湾  ,马王堆租房,3室2厅  ,126平米  ,南 北,随时看房,1200,2,furong
浏阳河旁 鑫科明珠 南北通透 居家三房,鑫科明珠  ,马王堆租房,3室2厅  ,110平米  ,南 北,随时看房,2700,5,furong
凯通朝南两房，小区环境好，物业管理好。,凯通朝庭  ,火车站租房,2室2厅  ,90平米  ,南,距离2号线长沙火车站站1023米,2700,7,furong
百纳公寓 2室1厅 2400元,百纳公寓  ,马王堆租房,2室1厅  ,56平米  ,南,随时看房,2400,8,furong
运通尊苑 3室1厅 2200元,运通尊苑  ,马王堆租房,3室1厅  ,89平米  ,南,距离2号线锦泰广场站519米,2200,0,furong
都市E站 1室1厅 1000元,都市E站  ,火车站租房,1室1厅  ,46平米  ,东,随时看房,1000,1,furong
凯通朝庭 1室0厅 1500元,凯通朝庭  ,火车站租房,1室0厅  ,25平米  ,北,距离2号线长沙火车站站1023米,1500,1,furong
德政园醉心苑 115平大三房 家具齐全 居家装修,德政园醉心苑  ,德政园租房,3室2厅  ,115平米  ,南 北,距离2号线万家丽广场站1045米,2600,1,furong
百纳公寓 2室2厅 3500元,百纳公寓  ,马王堆租房,2室2厅  ,115平米  ,南,随时看房,3500,3,furong
百纳公寓 3室2厅 3500元,百纳公寓  ,马王堆租房,3室2厅  ,128平米  ,南,距离2号线万家丽广场站493米,3500,2,furong
明城国际中心 2室0厅 6000元,明城国际中心  ,浏城桥租房,2室0厅  ,100平米  ,南,距离2号线芙蓉广场站832米,6000,0,furong
东方芙蓉 1室0厅 5500元,东方芙蓉  ,马王堆租房,1室0厅  ,100平米  ,西北,距离2号线万家丽广场站995米,5500,1,furong
湘域熙岸 2室2厅 3100元,湘域熙岸  ,尚东租房,2室2厅  ,84平米  ,南 北,距离2号线人民东路站294米,3100,2,furong
德政园明心苑 2室2厅1厨2卫 家具齐全 可直接入住,德政园明心苑  ,德政园租房,2室2厅  ,92平米  ,南 北,距离2号线锦泰广场站1062米,2400,13,furong
世嘉国际华城一期 4室2厅 4500元,世嘉国际华城一期  ,芙蓉区政府租房,4室2厅  ,161平米  ,南 北,距离2号线人民东路站307米,4500,1,furong
德政园润心苑 3室2厅 2500元,德政园润心苑  ,德政园租房,3室2厅  ,118平米  ,南 北,距离2号线锦泰广场站1066米,2500,2,furong
德政园润心苑 3室2厅 2500元,德政园润心苑  ,德政园租房,3室2厅  ,118平米  ,南 北,距离2号线锦泰广场站1066米,2500,2,furong
世嘉国际华城一期 4室2厅 4800元,世嘉国际华城一期  ,芙蓉区政府租房,4室2厅  ,171平米  ,南 北,距离2号线人民东路站569米,4800,2,furong
德政园少有的复式楼层三房，户型周正,德政园醉心苑  ,德政园租房,3室1厅  ,97平米  ,东,距离2号线万家丽广场站1102米,2300,0,furong
中惠锦堂 2室1厅 3300元,中惠锦堂  ,尚东租房,2室1厅  ,114平米  ,南,距离2号线人民东路站158米,3300,2,furong
凯通公馆 1室0厅 1800元,凯通公馆  ,火车站租房,1室0厅  ,35平米  ,南,距离2号线长沙火车站站606米,1800,3,furong
五一华府 2室1厅 3500元,五一华府  ,五一广场租房,2室1厅  ,60平米  ,南,距离2号线五一广场站243米,3500,3,furong
东方新城 2室1厅 2300元,东方新城  ,德政园租房,2室1厅  ,88平米  ,南 北,距离2号线万家丽广场站394米,2300,1,furong
湘运新村 2室1厅 1800元,湘运新村  ,马王堆租房,2室1厅  ,70平米  ,东,距离2号线万家丽广场站282米,1800,1,furong
湘域熙岸 3室2厅 1900元,湘域熙岸  ,尚东租房,3室2厅  ,127平米  ,南,距离2号线人民东路站413米,1900,2,furong
凯通公馆 1室1厅 2000元,凯通公馆  ,火车站租房,1室1厅  ,46平米  ,南 北,距离2号线长沙火车站站606米,2000,0,furong
湘域相遇 1室1厅 2700元,湘域相遇  ,火车站租房,1室1厅  ,62平米  ,南,距离2号线锦泰广场站649米,2700,0,furong
菲莎公馆 1室1厅 2300元,菲莎公馆  ,马王堆租房,1室1厅  ,40平米  ,东,随时看房,2300,1,furong
东方芙蓉 2室1厅 2600元,东方芙蓉  ,马王堆租房,2室1厅  ,72平米  ,南,距离2号线万家丽广场站995米,2600,0,furong
银力家园 3室2厅 3500元,银力家园  ,马王堆租房,3室2厅  ,131平米  ,南,距离2号线万家丽广场站407米,3500,0,furong
万象新天 3室2厅 3000元,万象新天  ,晚报租房,3室2厅  ,85平米  ,南,距离2号线长沙火车站站968米,3000,0,furong
百纳公寓 3室2厅 4200元,百纳公寓  ,马王堆租房,3室2厅  ,120平米  ,南 北,距离2号线万家丽广场站493米,4200,0,furong
维力花园 2室1厅 1500元,维力花园  ,德政园租房,2室1厅  ,79平米  ,南,距离2号线锦泰广场站724米,1500,3,furong
业主诚意出租，价格优惠，房子大,兰亭玥岛  ,新开铺租房,2室2厅  ,90平米  ,西,随时看房,2100,7,tianxin
长沙欧洲城 2室2厅 2600元,长沙欧洲城  ,德思勤租房,2室2厅  ,84平米  ,南,随时看房,2600,0,tianxin
保利三期优质四房，湘江东岸，省府之西,保利花园三期  ,省政府租房,4室2厅  ,156平米  ,东南,随时看房,3500,3,tianxin
鑫远湘府华城南区 2室2厅 2300元,鑫远湘府华城南区  ,湘府路租房,2室2厅  ,88平米  ,南,随时看房,2300,6,tianxin
湘府东苑 1室1厅 1500元,湘府东苑  ,湘府路租房,1室1厅  ,38平米  ,南,距离1号线省政府站858米,1500,7,tianxin
花漾年华 1室1厅 1450元,花漾年华  ,省政府租房,1室1厅  ,38平米  ,南 北,随时看房,1450,15,tianxin
长沙奥林匹克花园 3室2厅 3500元,长沙奥林匹克花园  ,德思勤租房,3室2厅  ,136平米  ,南,随时看房,3500,8,tianxin
长沙奥林匹克花园 3室1厅 1800元,长沙奥林匹克花园  ,德思勤租房,3室1厅  ,110平米  ,南,随时看房,1800,3,tianxin
湘府9号 2室1厅 2100元,湘府9号  ,德思勤租房,2室1厅  ,89平米  ,南,距离1号线省政府站860米,2100,7,tianxin
满庭芳 3室2厅 2300元,满庭芳  ,铁道学院租房,3室2厅  ,90平米  ,南,距离1号线友谊路站842米,2300,10,tianxin
湖光山色 两房，户型周正采光充足 。,天城湖光山色  ,省政府租房,2室2厅  ,90平米  ,南,随时看房,2000,2,tianxin
兰景花园 简单装修三房 低楼层 随时看房,兰景花园  ,铁道学院租房,3室2厅  ,108平米  ,南,随时看房,1900,1,tianxin
鑫远逸园 3室1厅 1800元,鑫远逸园  ,省政府租房,3室1厅  ,89平米  ,南,随时看房,1800,0,tianxin
绿地公馆 1室2厅 1800元,绿地公馆  ,省政府租房,1室2厅  ,52平米  ,东,距离1号线桂花坪站675米,1800,0,tianxin
全新装修，从未入住，适合居家陪读，小区环境优美,鑫远熙山  ,省政府租房,3室2厅  ,128平米  ,南 北,随时看房,2800,2,tianxin
荣悦台 3室2厅 3500元,荣悦台  ,黄土岭租房,3室2厅  ,124平米  ,南 北,距离1号线黄土岭站385米,3500,2,tianxin
办公居家两用   交通方便   省政府板块,标志商务中心  ,湘府路租房,1室1厅  ,60平米  ,南 北,距离1号线省政府站792米,2100,4,tianxin
梦网景园 3室2厅 4000元,梦网景园  ,湘府路租房,3室2厅  ,160平米  ,南,随时看房,4000,6,tianxin
贡院一号 3室2厅 3000元,贡院一号  ,德思勤租房,3室2厅  ,133平米  ,南,随时看房,3000,8,tianxin
长沙欧洲城 2室2厅 1800元,长沙欧洲城  ,德思勤租房,2室2厅  ,84平米  ,南,随时看房,1800,10,tianxin
柠檬丽都 正规大三房 全新家具 适合居家陪读,柠檬丽都  ,新开铺租房,3室2厅  ,116平米  ,南,距离1号线铁道学院站757米,3000,12,tianxin
长沙奥林匹克花园 2室1厅 2800元,长沙奥林匹克花园  ,德思勤租房,2室1厅  ,90平米  ,南,随时看房,2800,0,tianxin
天鸿中央大院 2室1厅 2300元,天鸿中央大院  ,铁道学院租房,2室1厅  ,65平米  ,南,距离1号线铁道学院站957米,2300,5,tianxin
和庄 3室1厅 2300元,和庄  ,新开铺租房,3室1厅  ,105平米  ,南,距离1号线友谊路站799米,2300,19,tianxin
和庄 3室1厅 3000元,和庄  ,新开铺租房,3室1厅  ,97平米  ,南,距离1号线友谊路站857米,3000,2,tianxin
童话里 3室2厅 2800元,童话里  ,新开铺租房,3室2厅  ,90平米  ,南,距离1号线友谊路站1086米,2800,3,tianxin
长沙欧洲城 3室2厅 3000元,长沙欧洲城  ,德思勤租房,3室2厅  ,133平米  ,南 北,随时看房,3000,7,tianxin
阳光嘉园 5室2厅 5000元,阳光嘉园  ,湘府路租房,5室2厅  ,193平米  ,南,随时看房,5000,3,tianxin
润屋美院 4室2厅 1800元,润屋美院  ,德思勤租房,4室2厅  ,123平米  ,南,随时看房,1800,0,tianxin
BOBO天下城 3室2厅 4500元,BOBO天下城  ,新开铺租房,3室2厅  ,196平米  ,南,距离1号线铁道学院站332米,4500,4,tianxin
湘府9号 2室1厅 2600元,湘府9号  ,德思勤租房,2室1厅  ,88平米  ,南,距离1号线省政府站1022米,2600,0,tianxin
博林金谷 4室2厅 10000元,博林金谷  ,新开铺租房,4室2厅  ,136平米  ,南,距离1号线铁道学院站488米,10000,1,tianxin
青园 2室2厅 2500元,青园  ,铁道学院租房,2室2厅  ,80平米  ,南,距离1号线友谊路站648米,2500,3,tianxin
南国嘉苑 5室2厅 5200元,南国嘉苑  ,新开铺租房,5室2厅  ,166平米  ,南,距离1号线铁道学院站724米,5200,1,tianxin
湘林小区 300平600平 商铺 入住率高,湘林小区  ,铁道学院租房,9室0厅  ,900平米  ,南,随时看房,54000,14,tianxin
天鸿中央大院 1室0厅 1600元,天鸿中央大院  ,铁道学院租房,1室0厅  ,40平米  ,南,随时看房,1600,15,tianxin
位置优越，环境舒适，交通便利。,长沙欧洲城  ,德思勤租房,2室2厅  ,89平米  ,南,距离1号线省政府站947米,3000,10,tianxin
保利花园，精装小三房，业主诚心出租，拎包入住,保利花园三期  ,省政府租房,3室2厅  ,83平米  ,南,随时看房,2000,11,tianxin
交通便利 居家装修  配套齐全,万事佳景园  ,金盆岭租房,3室2厅  ,130平米  ,北,随时看房,2700,10,tianxin
湘府9号 2室2厅 2200元,湘府9号  ,德思勤租房,2室2厅  ,80平米  ,南,距离1号线省政府站921米,2200,13,tianxin
loft复式格局，空间大，深受年轻人的喜爱,他城时代公寓  ,铁道学院租房,2室1厅  ,40平米  ,南,精装修,1800,20,tianxin
天鸿中央大院 2室1厅 2700元,天鸿中央大院  ,铁道学院租房,2室1厅  ,75平米  ,南,随时看房,2700,4,tianxin
员工宿舍 湘林小区 三房130平 2400,湘林小区  ,铁道学院租房,3室1厅  ,130平米  ,南,随时看房,2400,1,tianxin
长沙欧洲城 2室2厅 2500元,长沙欧洲城  ,德思勤租房,2室2厅  ,89平米  ,南,随时看房,2500,4,tianxin
满庭芳 2室1厅 2400元,满庭芳  ,铁道学院租房,2室1厅  ,75平米  ,南,距离1号线友谊路站842米,2400,16,tianxin
天鸿中央大院 2室1厅 2100元,天鸿中央大院  ,铁道学院租房,2室1厅  ,63平米  ,南,随时看房,2100,4,tianxin
万事佳景园 2室2厅 2000元,万事佳景园  ,金盆岭租房,2室2厅  ,93平米  ,西南,随时看房,2000,6,tianxin
精装出租两房，毛坯，欧洲城包物业.........,长沙欧洲城  ,德思勤租房,2室2厅  ,90平米  ,南,随时看房,1800,1,tianxin
鑫远湘府华城北区 4室2厅 4000元,鑫远湘府华城北区  ,铁道学院租房,4室2厅  ,144平米  ,南,距离1号线友谊路站803米,4000,0,tianxin
和庄 3室2厅 2500元,和庄  ,新开铺租房,3室2厅  ,106平米  ,南,距离1号线友谊路站766米,2500,0,tianxin
天鸿中央大院 2室1厅 2700元,天鸿中央大院  ,铁道学院租房,2室1厅  ,80平米  ,南,距离1号线铁道学院站1003米,2700,2,tianxin
标志浪漫满屋 2室2厅 2600元,标志浪漫满屋  ,新开铺租房,2室2厅  ,90平米  ,南,随时看房,2600,0,tianxin
天鸿中央大院 2室1厅 2400元,天鸿中央大院  ,铁道学院租房,2室1厅  ,55平米  ,北,距离1号线铁道学院站957米,2400,8,tianxin
滨江美寓 4室2厅 4000元,滨江美寓  ,开福区政府租房,4室2厅  ,164平米  ,南,距离1号线马厂站764米,4000,0,kaifu
北辰三角洲奥城D3区 3室2厅 3300元,北辰三角洲奥城D3区  ,北辰三角洲租房,3室2厅  ,100平米  ,南,距离1号线北辰三角洲站596米,3300,1,kaifu
恒鑫澜北湾 4室2厅 3500元,恒鑫澜北湾  ,开福区政府租房,4室2厅  ,134平米  ,南 北,随时看房,3500,2,kaifu
万科城 3室2厅 3000元,万科城  ,福元西路租房,3室2厅  ,90平米  ,南,距离1号线马厂站967米,3000,4,kaifu
富湾国际 4室1厅 7500元,富湾国际  ,开福区政府租房,4室1厅  ,260平米  ,南,随时看房,7500,5,kaifu
北辰三角洲D2区 2室1厅 3200元,北辰三角洲D2区  ,北辰三角洲租房,2室1厅  ,88平米  ,南,距离1号线北辰三角洲站193米,3200,2,kaifu
湘江豪庭一楼可商用办公培训，紧挨世纪金源。,湘江豪庭  ,开福区政府租房,4室1厅  ,200平米  ,南 北,距离1号线马厂站1025米,8500,25,kaifu
顺天黄金海岸 4室2厅 3000元,顺天黄金海岸  ,开福区政府租房,4室2厅  ,140平米  ,南,距离1号线马厂站575米,3000,19,kaifu
南北通透的精装空房南北通透大三房，主卧南北通透。,珠江花城四期  ,福元西路租房,3室2厅  ,122平米  ,南 北,距离1号线马厂站1126米,2800,4,kaifu
北辰三角洲D2区 2室2厅 3500元,北辰三角洲D2区  ,北辰三角洲租房,2室2厅  ,88平米  ,南,距离1号线北辰三角洲站306米,3500,1,kaifu
湘江豪庭 4室1厅 6000元,湘江豪庭  ,开福区政府租房,4室1厅  ,198平米  ,南,随时看房,6000,15,kaifu
湘江豪庭 4室1厅 5000元,湘江豪庭  ,开福区政府租房,4室1厅  ,199平米  ,南 北,距离1号线马厂站1025米,5000,8,kaifu
湘江豪庭 4室1厅 7000元,湘江豪庭  ,开福区政府租房,4室1厅  ,200平米  ,南,距离1号线马厂站1025米,7000,8,kaifu
业主诚心出租，价格优惠，万科自带物业。,万科城  ,福元西路租房,3室2厅  ,90平米  ,南,随时看房,2700,11,kaifu
北辰三角洲奥城D3区 2室1厅 3000元,北辰三角洲奥城D3区  ,北辰三角洲租房,2室1厅  ,88平米  ,南,距离1号线北辰三角洲站580米,3000,6,kaifu
先锋水韵花都 3室2厅 3200元,先锋水韵花都  ,开福区政府租房,3室2厅  ,103平米  ,南,距离1号线马厂站324米,3200,10,kaifu
业主诚心出租，价格优惠，万科自带物业。,万科城  ,福元西路租房,3室2厅  ,87平米  ,南,随时看房,3000,6,kaifu
世纪城悦江苑 2室2厅 2300元,世纪城悦江苑  ,湘江世纪城租房,2室2厅  ,92平米  ,南,距离1号线开福区政府站1108米,2300,11,kaifu
世纪城赏江苑 2室2厅 2400元,世纪城赏江苑  ,湘江世纪城租房,2室2厅  ,100平米  ,南 北,距离1号线开福区政府站987米,2400,21,kaifu
湘江豪庭正规大四房 大阳台 可商用 随时可以看房 。,湘江豪庭  ,开福区政府租房,4室2厅  ,200平米  ,南,距离1号线马厂站1025米,6000,45,kaifu
湘江豪庭大四房，适合办公，办公装修。,湘江豪庭  ,开福区政府租房,4室2厅  ,200平米  ,南,距离1号线马厂站908米,5500,19,kaifu
湘江豪庭 4室1厅 8000元,湘江豪庭  ,开福区政府租房,4室1厅  ,200平米  ,东,随时看房,8000,7,kaifu
珠江花城一期 3室1厅 2500元,珠江花城一期  ,福元西路租房,3室1厅  ,105平米  ,南,距离1号线马厂站723米,2500,2,kaifu
万国城MOMA一期 3室2厅 3500元,万国城MOMA一期  ,福元西路租房,3室2厅  ,142平米  ,南 北,随时看房,3500,4,kaifu
世纪城映江苑 2室1厅 2500元,世纪城映江苑  ,湘江世纪城租房,2室1厅  ,94平米  ,南 北,随时看房,2500,4,kaifu
世纪城达江苑 3室1厅 2800元,世纪城达江苑  ,湘江世纪城租房,3室1厅  ,96平米  ,南 北,距离1号线开福区政府站1050米,2800,2,kaifu
高楼层，精装全南户型大三房，带车位，有钥匙随时看房,世纪城贯江苑  ,湘江世纪城租房,3室2厅  ,126平米  ,南,随时看房,3200,27,kaifu
万国城MOMA二期 2室2厅 2500元,万国城MOMA二期  ,福元西路租房,2室2厅  ,87平米  ,南,随时看房,2500,5,kaifu
北辰三角洲奥城E3区 3室2厅 4600元,北辰三角洲奥城E3区  ,北辰三角洲租房,3室2厅  ,112平米  ,西南,距离1号线开福寺站1092米,4600,4,kaifu
湘江豪庭 4室1厅 5800元,湘江豪庭  ,开福区政府租房,4室1厅  ,200平米  ,南,随时看房,5800,4,kaifu
湘江豪庭 4室1厅 5800元,湘江豪庭  ,开福区政府租房,4室1厅  ,200平米  ,南,随时看房,5800,4,kaifu
万科城 3室2厅 3200元,万科城  ,福元西路租房,3室2厅  ,122平米  ,南,距离1号线马厂站824米,3200,5,kaifu
世纪城鸿江苑 3室2厅 3000元,世纪城鸿江苑  ,湘江世纪城租房,3室2厅  ,144平米  ,南 北,距离1号线开福区政府站1007米,3000,4,kaifu
珠江花城三期 3室1厅 2800元,珠江花城三期  ,福元西路租房,3室1厅  ,98平米  ,南,距离1号线马厂站380米,2800,0,kaifu
北辰三角洲奥城E5区 1室1厅 1800元,北辰三角洲奥城E5区  ,北辰三角洲租房,1室1厅  ,40平米  ,南,距离1号线北辰三角洲站842米,1800,0,kaifu
北辰三角洲D2区 3室2厅 4500元,北辰三角洲D2区  ,北辰三角洲租房,3室2厅  ,106平米  ,东南,距离1号线北辰三角洲站583米,4500,0,kaifu
万国城MOMA一期 3室2厅 3500元,万国城MOMA一期  ,福元西路租房,3室2厅  ,143平米  ,南 北,随时看房,3500,3,kaifu
湘江豪庭 4室2厅 9000元,湘江豪庭  ,开福区政府租房,4室2厅  ,200平米  ,南,距离1号线马厂站908米,9000,2,kaifu
珠江花城扶水岸三房出租，拎包入住,珠江花城二期  ,福元西路租房,3室2厅  ,130平米  ,南 北,距离1号线马厂站810米,3000,13,kaifu
第一湾 3室2厅 2500元,第一湾  ,四方坪租房,3室2厅  ,92平米  ,南,随时看房,2500,12,kaifu
君悦香邸 3室1厅 3000元,君悦香邸  ,北辰三角洲租房,3室1厅  ,98平米  ,南,距离1号线北辰三角洲站559米,3000,12,kaifu
业主自住的装修，每个房间都装了暖气片，家居用的很好,万科城  ,福元西路租房,3室2厅  ,90平米  ,东南,随时看房,2800,7,kaifu
北辰三角洲奥城E3区 1室1厅 4000元,北辰三角洲奥城E3区  ,北辰三角洲租房,1室1厅  ,52平米  ,南,距离1号线开福寺站1092米,4000,7,kaifu
北辰三角洲奥城D3区 3室1厅 4000元,北辰三角洲奥城D3区  ,北辰三角洲租房,3室1厅  ,101平米  ,南,距离1号线北辰三角洲站643米,4000,9,kaifu
北辰三角洲奥城E4区 3室2厅 3800元,北辰三角洲奥城E4区  ,北辰三角洲租房,3室2厅  ,107平米  ,南,随时看房,3800,7,kaifu
湘江北尚 2室1厅 2400元,湘江北尚  ,北辰三角洲租房,2室1厅  ,94平米  ,南,距离1号线北辰三角洲站516米,2400,3,kaifu
万国城MOMA一期 3室1厅 3000元,万国城MOMA一期  ,福元西路租房,3室1厅  ,128平米  ,南,随时看房,3000,9,kaifu
北辰三角洲D2区 3室1厅 3800元,北辰三角洲D2区  ,北辰三角洲租房,3室1厅  ,106平米  ,东南,距离1号线北辰三角洲站404米,3800,5,kaifu
万国城MOMA一期 3室2厅 3200元,万国城MOMA一期  ,福元西路租房,3室2厅  ,130平米  ,南 北,随时看房,3200,10,kaifu
珠江郦城薰衣道 3室2厅 2400元,珠江郦城薰衣道  ,福元西路租房,3室2厅  ,94平米  ,南,距离1号线马厂站1086米,2400,2,kaifu
万科城 3室1厅 2400元,万科城  ,福元西路租房,3室1厅  ,90平米  ,南,随时看房,2400,2,kaifu
万国城三期 3室2厅 2600元,万国城三期  ,福元西路租房,3室2厅  ,94平米  ,南,随时看房,2600,3,kaifu
万国城三期 3室2厅 2500元,万国城三期  ,福元西路租房,3室2厅  ,90平米  ,南,随时看房,2500,1,kaifu
万国城三期 3室1厅 2500元,万国城三期  ,福元西路租房,3室1厅  ,90平米  ,南,随时看房,2500,5,kaifu
听香水榭 新装修 可居家 可办公,听香水榭  ,四方坪租房,3室2厅  ,90平米  ,南,随时看房,2500,4,kaifu
世纪城映江苑 3室1厅 2700元,世纪城映江苑  ,湘江世纪城租房,3室1厅  ,116平米  ,南,随时看房,2700,4,kaifu
业主诚心出租，价格优惠，万科自带物业,万科城  ,福元西路租房,2室2厅  ,76平米  ,南,随时看房,2300,1,kaifu
第 一 湾 精装一房，随时看房，拎包入住,第一湾  ,四方坪租房,1室1厅  ,44平米  ,北,随时看房,1800,37,kaifu
业主诚心出租，看房方便，随时恭候租房的您,珠江郦城薰衣道  ,福元西路租房,3室2厅  ,98平米  ,南,距离1号线马厂站1086米,2800,5,kaifu
沁园春御院 3室1厅 3200元,沁园春御院  ,河西步步高租房,3室1厅  ,111平米  ,南,随时看房,3200,7,yuelu
高鑫麓城 3室2厅 2500元,高鑫麓城  ,商学院租房,3室2厅  ,90平米  ,南,随时看房,2500,13,yuelu
未来城 1室1厅 1500元,未来城  ,河西人人乐租房,1室1厅  ,43平米  ,西,随时看房,1500,5,yuelu
达美D6区 3室1厅 3300元,达美D6区  ,汽车西站租房,3室1厅  ,89平米  ,南,距离2号线望城坡站571米,3300,6,yuelu
未来城 2室2厅 1900元,未来城  ,河西人人乐租房,2室2厅  ,74平米  ,东南,随时看房,1900,23,yuelu
钰龙天下二期 2室1厅 2400元,钰龙天下二期  ,市政府租房,2室1厅  ,80平米  ,南,随时看房,2400,0,yuelu
达美D6区 3室2厅 3400元,达美D6区  ,汽车西站租房,3室2厅  ,90平米  ,南,距离2号线望城坡站571米,3400,2,yuelu
宜居莱茵城 3室1厅 2500元,宜居莱茵城  ,河西人人乐租房,3室1厅  ,100平米  ,南,随时看房,2500,2,yuelu
咸嘉西子园 3室2厅 2300元,咸嘉西子园  ,河西步步高租房,3室2厅  ,106平米  ,北,随时看房,2300,6,yuelu
未来城 1室1厅 1500元,未来城  ,河西人人乐租房,1室1厅  ,40平米  ,南,随时看房,1500,14,yuelu
沁园春御院 1室1厅 2500元,沁园春御院  ,河西步步高租房,1室1厅  ,44平米  ,南,随时看房,2500,8,yuelu
长房时代城 1室1厅 1600元,长房时代城  ,河西人人乐租房,1室1厅  ,36平米  ,南,随时看房,1600,7,yuelu
郡原广场 1室1厅 1750元,郡原广场  ,河西步步高租房,1室1厅  ,38平米  ,南,随时看房,1750,4,yuelu
钰龙天下 2室1厅 2200元,钰龙天下  ,市政府租房,2室1厅  ,78平米  ,南,随时看房,2200,1,yuelu
奥克斯中央公馆 3室1厅 3800元,奥克斯中央公馆  ,银盆岭租房,3室1厅  ,108平米  ,南,随时看房,3800,0,yuelu
山水誉峰 4室2厅 2500元,山水誉峰  ,桐梓坡租房,4室2厅  ,127平米  ,南,随时看房,2500,1,yuelu
星蓝湾 3室2厅 3500元,星蓝湾  ,滨江新城租房,3室2厅  ,137平米  ,南,随时看房,3500,0,yuelu
桐梓坡西路欧式风格三房步行两百米到王F井步步高,沁园春御院  ,河西步步高租房,3室2厅  ,102平米  ,南,随时看房,2400,15,yuelu
沁园春御院 1室1厅 1800元,沁园春御院  ,河西步步高租房,1室1厅  ,43平米  ,南,随时看房,1800,25,yuelu
西湖丽景 3室2厅 3150元,西湖丽景  ,桐梓坡租房,3室2厅  ,130平米  ,南,随时看房,3150,9,yuelu
宜居莱茵城 2室2厅 2300元,宜居莱茵城  ,河西人人乐租房,2室2厅  ,90平米  ,南,随时看房,2300,1,yuelu
万科里梅溪郡 3室2厅 3800元,万科里梅溪郡  ,岳麓其他租房,3室2厅  ,122平米  ,南,随时看房,3800,0,yuelu
世茂铂翠湾，环境地理位置适合办公,世茂铂翠湾  ,滨江新城租房,3室1厅  ,96平米  ,南,随时看房,3000,7,yuelu
钰龙天下佳园二期三居室采光良好,钰龙天下二期  ,市政府租房,3室2厅  ,117平米  ,南,随时看房,2200,6,yuelu
西城龙庭 4室2厅 3200元,西城龙庭  ,河西步步高租房,4室2厅  ,131平米  ,南 北,随时看房,3200,3,yuelu
恒大华府 2室2厅 2300元,恒大华府  ,市政府租房,2室2厅  ,90平米  ,南,随时看房,2300,5,yuelu
宜居莱茵城 2室1厅 2200元,宜居莱茵城  ,河西人人乐租房,2室1厅  ,85平米  ,南,随时看房,2200,1,yuelu
卓越蔚蓝海岸三期 3室2厅 2500元,卓越蔚蓝海岸三期  ,市政府租房,3室2厅  ,90平米  ,南,随时看房,2500,1,yuelu
兰亭都荟 3室2厅 3000元,兰亭都荟  ,桐梓坡租房,3室2厅  ,90平米  ,南,随时看房,3000,2,yuelu
绿地中央广场 3室2厅 3000元,绿地中央广场  ,观沙岭租房,3室2厅  ,98平米  ,南,随时看房,3000,4,yuelu
钰龙天下佳园二期三居室采光良好,钰龙天下二期  ,市政府租房,3室2厅  ,117平米  ,南,随时看房,2200,6,yuelu
长房时代城 3室1厅 3200元,长房时代城  ,河西人人乐租房,3室1厅  ,91平米  ,南,随时看房,3200,8,yuelu
美林银谷国际社区 3室1厅 3280元,美林银谷国际社区  ,河西步步高租房,3室1厅  ,134平米  ,南,随时看房,3280,1,yuelu
奥克斯广场商圈，板楼，环境物业好,世茂铂翠湾  ,滨江新城租房,4室2厅  ,130平米  ,南,随时看房,3000,1,yuelu
水木兰庭 3室1厅 1500元,水木兰庭  ,河西人人乐租房,3室1厅  ,105平米  ,南,随时看房,1500,0,yuelu
景秀江山 2室1厅 2500元,景秀江山  ,银盆岭租房,2室1厅  ,86平米  ,南,随时看房,2500,0,yuelu
郡原广场 2室1厅 2600元,郡原广场  ,河西步步高租房,2室1厅  ,69平米  ,东 西,随时看房,2600,0,yuelu
岳麓现代城 4室2厅 6800元,岳麓现代城  ,溁湾镇租房,4室2厅  ,168平米  ,南,距离2号线溁湾镇站1014米,6800,0,yuelu
旭辉御府 2室2厅 2400元,旭辉御府  ,梅溪湖北岸租房,2室2厅  ,80平米  ,南,随时看房,2400,0,yuelu
沁园春御院 1室1厅 1600元,沁园春御院  ,河西步步高租房,1室1厅  ,44平米  ,南,随时看房,1600,9,yuelu
绿地中央广场 4室2厅 4500元,绿地中央广场  ,观沙岭租房,4室2厅  ,147平米  ,南,随时看房,4500,1,yuelu
绿地中央广场 1室1厅 1600元,绿地中央广场  ,观沙岭租房,1室1厅  ,34平米  ,南,随时看房,1600,15,yuelu
未来城 1室1厅 1700元,未来城  ,河西人人乐租房,1室1厅  ,45平米  ,南,随时看房,1700,3,yuelu
沁园春 3室2厅 3200元,沁园春  ,银盆岭租房,3室2厅  ,154平米  ,东,随时看房,3200,1,yuelu
达美D6区 1室1厅 1900元,达美D6区  ,汽车西站租房,1室1厅  ,45平米  ,南 北,距离2号线望城坡站571米,1900,13,yuelu
新楚麓山才苑 2室2厅 2800元,新楚麓山才苑  ,溁湾镇租房,2室2厅  ,100平米  ,南,距离2号线溁湾镇站952米,2800,7,yuelu
岳麓区教师村 4室0厅 4200元,岳麓区教师村  ,河西步步高租房,4室0厅  ,90平米  ,南,随时看房,4200,1,yuelu
达美D6区 5室2厅 5800元,达美D6区  ,汽车西站租房,5室2厅  ,177平米  ,南,距离2号线望城坡站571米,5800,1,yuelu
梅溪湖金茂悦 4室2厅 4800元,梅溪湖金茂悦  ,梅溪湖北岸租房,4室2厅  ,135平米  ,南 北,随时看房,4800,3,yuelu
美林银谷国际社区 1室1厅 1800元,美林银谷国际社区  ,河西步步高租房,1室1厅  ,50平米  ,西,随时看房,1800,3,yuelu
万科城市花园 1室0厅 1500元,万科城市花园  ,梅溪湖北岸租房,1室0厅  ,38平米  ,西,随时看房,1500,8,yuelu
宜居莱茵城 3室2厅 2600元,宜居莱茵城  ,河西人人乐租房,3室2厅  ,88平米  ,南,随时看房,2600,0,yuelu
梅溪湖壹号三期 3室2厅 3000元,梅溪湖壹号三期  ,梅溪湖南岸租房,3室2厅  ,100平米  ,南,随时看房,3000,0,yuelu
恒大御景湾 4室2厅 3000元,恒大御景湾  ,滨江新城租房,4室2厅  ,145平米  ,南,随时看房,3000,1,yuelu
长房时代城 3室2厅 2500元,长房时代城  ,河西人人乐租房,3室2厅  ,89平米  ,南,随时看房,2500,1,yuelu
和泓梅溪四季 5室4厅 5000元,和泓梅溪四季  ,梅溪湖北岸租房,5室4厅  ,160平米  ,南 北,随时看房,5000,0,yuelu
永祺西京 3室2厅 3100元,永祺西京  ,河西步步高租房,3室2厅  ,160平米  ,南,随时看房,3100,0,yuelu
新楚麓山才苑 2室2厅 2600元,新楚麓山才苑  ,溁湾镇租房,2室2厅  ,100平米  ,南,距离2号线溁湾镇站864米,2600,16,yuelu
西子一间办公大三房 采光好 格局好,西子一间  ,高桥租房,3室2厅  ,137平米  ,南,距离2号线万家丽广场站1064米,3100,26,yuhua
新城新世界三房自带车位，家具家电齐全,新城新世界三期  ,高桥租房,3室2厅  ,90平米  ,南,距离城际铁路树木岭站站996米,2500,5,yuhua
华盛世纪新城 4室1厅 2900元,华盛世纪新城  ,喜盈门租房,4室1厅  ,139平米  ,南 北,距离城际铁路湘府路站站846米,2900,4,yuhua
莲湖汽车饰品城小区 2室1厅 1600元,莲湖汽车饰品城小区  ,喜盈门租房,2室1厅  ,70平米  ,南 北,距离城际铁路湘府路站站935米,1600,0,yuhua
五矿万境水岸二期 3室2厅 2600元,五矿万境水岸二期  ,喜盈门租房,3室2厅  ,140平米  ,南,距离城际铁路湘府路站站704米,2600,0,yuhua
新城新世界 2室2厅 2400元,新城新世界  ,高桥租房,2室2厅  ,89平米  ,南 北,距离城际铁路树木岭站站1076米,2400,1,yuhua
万博汇名邸一期 2室1厅 2400元,万博汇名邸一期  ,雨花亭租房,2室1厅  ,67平米  ,西,随时看房,2400,3,yuhua
佳天瑞宁花园 1室1厅 1800元,佳天瑞宁花园  ,赤岗冲租房,1室1厅  ,50平米  ,北,随时看房,1800,8,yuhua
高桥 新城新世界两居室 办公居家都可以 看房方便,新城新世界三期  ,高桥租房,2室1厅  ,90平米  ,南,距离城际铁路树木岭站站1000米,2300,17,yuhua
万博汇名邸一期 2室2厅 3600元,万博汇名邸一期  ,雨花亭租房,2室2厅  ,88平米  ,南,随时看房,3600,0,yuhua
精装修一房，采光充足，看房方便,兰亭优壳  ,赤岗冲租房,1室0厅  ,44平米  ,西,随时看房,1600,0,yuhua
锦湘国际星城三期 2室2厅 2600元,锦湘国际星城三期  ,尚东租房,2室2厅  ,95平米  ,南,随时看房,2600,2,yuhua
长房天翼未来城 3室1厅 4000元,长房天翼未来城  ,左家塘租房,3室1厅  ,136平米  ,南,随时看房,4000,2,yuhua
佳天瑞宁花园 1室1厅 2000元,佳天瑞宁花园  ,赤岗冲租房,1室1厅  ,50平米  ,北,随时看房,2000,11,yuhua
金信阳光在线 3室2厅 2100元,金信阳光在线  ,井湾子租房,3室2厅  ,92平米  ,南,随时看房,2100,1,yuhua
莲湖汽车饰品城小区 2室1厅 1500元,莲湖汽车饰品城小区  ,喜盈门租房,2室1厅  ,70平米  ,南,距离城际铁路湘府路站站968米,1500,2,yuhua
华盛世纪新城 4室1厅 2900元,华盛世纪新城  ,喜盈门租房,4室1厅  ,139平米  ,南 北,距离城际铁路湘府路站站846米,2900,5,yuhua
阳光锦城 2室1厅 2400元,阳光锦城  ,雨花亭租房,2室1厅  ,65平米  ,北,随时看房,2400,5,yuhua
融科东南海 3室2厅 3100元,融科东南海  ,树木岭租房,3室2厅  ,99平米  ,南,随时看房,3100,4,yuhua
万科金域华府 3室2厅 2700元,万科金域华府  ,武广新城租房,3室2厅  ,90平米  ,东南,距离城际铁路香樟路站站957米,2700,11,yuhua
万科金域华府 3室2厅 3500元,万科金域华府  ,武广新城租房,3室2厅  ,125平米  ,南 北,距离城际铁路香樟路站站993米,3500,10,yuhua
东方新世界 3室1厅 2900元,东方新世界  ,左家塘租房,3室1厅  ,114平米  ,南,随时看房,2900,8,yuhua
牛婆塘社区 精装两房仅需1200,牛婆塘社区  ,雨花亭租房,2室1厅  ,52平米  ,南,距离1号线黄土岭站776米,1200,19,yuhua
上海城一期通透两房 自住装修 随时看房 拎包入住,上海城  ,韶山南路租房,2室2厅  ,91平米  ,南 北,随时看房,2300,16,yuhua
长重社区 2室1厅 900元,长重社区  ,赤岗冲租房,2室1厅  ,49平米  ,南,距离城际铁路树木岭站站713米,900,1,yuhua
万博汇名邸一期 1室1厅 1800元,万博汇名邸一期  ,雨花亭租房,1室1厅  ,49平米  ,南,随时看房,1800,3,yuhua
万博汇名邸二期 1室1厅 2200元,万博汇名邸二期  ,雨花亭租房,1室1厅  ,49平米  ,南,随时看房,2200,3,yuhua
雨花亭居家一房，中等楼层，家电齐全，小区环境好,万博汇名邸一期  ,雨花亭租房,1室0厅  ,52平米  ,东,随时看房,1800,8,yuhua
天韵家园 2室1厅 1400元,天韵家园  ,左家塘租房,2室1厅  ,88平米  ,南,随时看房,1400,2,yuhua
莲湖建材市场 6室2厅 3000元,莲湖建材市场  ,井湾子租房,6室2厅  ,180平米  ,南,随时看房,3000,0,yuhua
新城新世界二期 2室2厅 2200元,新城新世界二期  ,高桥租房,2室2厅  ,90平米  ,南,距离城际铁路树木岭站站1097米,2200,9,yuhua
东方新世界 2室1厅 2100元,东方新世界  ,左家塘租房,2室1厅  ,64平米  ,南,随时看房,2100,9,yuhua
鑫天御景湾 2室1厅 1700元,鑫天御景湾  ,喜盈门租房,2室1厅  ,51平米  ,南,随时看房,1700,2,yuhua
华菱新城地标 2室2厅 2500元,华菱新城地标  ,武广新租房,2室2厅  ,90平米  ,南,随时看房,2500,2,yuhua
上海城 1室1厅 1400元,上海城  ,韶山南路租房,1室1厅  ,47平米  ,南,随时看房,1400,13,yuhua
上海城 1室1厅 1800元,上海城  ,韶山南路租房,1室1厅  ,53平米  ,南,随时看房,1800,16,yuhua
五矿万境水岸一期 2室2厅 1800元,五矿万境水岸一期  ,喜盈门租房,2室2厅  ,80平米  ,南,距离城际铁路湘府路站站706米,1800,8,yuhua
实惠两房，业主诚心出租，品质小区，交通便捷,佳天瑞宁花园  ,赤岗冲租房,2室1厅  ,85平米  ,南,随时看房,2200,16,yuhua
QQ生活馆 1室0厅 1600元,QQ生活馆  ,左家塘租房,1室0厅  ,54平米  ,南,随时看房,1600,3,yuhua
万博汇名邸一期 1室1厅 1800元,万博汇名邸一期  ,雨花亭租房,1室1厅  ,40平米  ,南,随时看房,1800,4,yuhua
长房天翼未来城 1室0厅 1700元,长房天翼未来城  ,左家塘租房,1室0厅  ,38平米  ,南,随时看房,1700,5,yuhua
上海城南北通透四房，安静舒适，交通方便，拎包入住,上海城  ,韶山南路租房,4室1厅  ,130平米  ,南 北,随时看房,3000,7,yuhua
五矿二期高楼层两房 纯色系装修 户型好 居家必备,五矿万境水岸二期  ,喜盈门租房,2室2厅  ,88平米  ,南,距离城际铁路湘府路站站704米,2200,7,yuhua
东方新世界 2室2厅 2400元,东方新世界  ,左家塘租房,2室2厅  ,88平米  ,南,随时看房,2400,9,yuhua
城市山水豪园精装两房，可拎包入住,城市山水豪园  ,武广新租房,2室2厅  ,86平米  ,东南,随时看房,2400,7,yuhua
万科金域华府 3室2厅 2700元,万科金域华府  ,武广新城租房,3室2厅  ,90平米  ,南,距离城际铁路香樟路站站995米,2700,13,yuhua
雨花亭 韶山中路 云鼎公馆 钥匙在手说走就走,云鼎公馆  ,雨花亭租房,3室1厅  ,94平米  ,南,距离1号线涂家冲站1069米,2800,11,yuhua
佳天瑞宁花园 1室1厅 1900元,佳天瑞宁花园  ,赤岗冲租房,1室1厅  ,52平米  ,北,随时看房,1900,21,yuhua
第六都 4室2厅 8000元,第六都  ,雨花亭租房,4室2厅  ,162平米  ,南 北,距离1号线涂家冲站247米,8000,0,yuhua
融圣国际 1室0厅 1500元,融圣国际  ,桂花村租房,1室0厅  ,40平米  ,南,距离2号线长沙火车站站1047米,1500,3,yuhua
阳光锦城 2室2厅 2500元,阳光锦城  ,雨花亭租房,2室2厅  ,91平米  ,南,随时看房,2500,3,yuhua
曙光大邸 2室2厅 2500元,曙光大邸  ,左家塘租房,2室2厅  ,95平米  ,东南,随时看房,2500,6,yuhua
五矿万境水岸一期 3室2厅 2800元,五矿万境水岸一期  ,喜盈门租房,3室2厅  ,89平米  ,南,距离城际铁路湘府路站站706米,2800,4,yuhua
大三房 屋里空旷 适合办公 随时看房,融科三万英尺  ,雨花亭租房,3室2厅  ,137平米  ,南 北,距离1号线黄土岭站1133米,3500,8,yuhua
精装一房，两卧户型周正，品质小区，适宜居家,佳天瑞宁花园  ,赤岗冲租房,1室1厅  ,50平米  ,南 北,随时看房,1900,5,yuhua
华盛世纪新城 4室1厅 2500元,华盛世纪新城  ,喜盈门租房,4室1厅  ,139平米  ,南,距离城际铁路湘府路站站839米,2500,7,yuhua
凤凰商贸城 2室1厅 2200元,凤凰商贸城  ,左家塘租房,2室1厅  ,99平米  ,南 北,随时看房,2200,0,yuhua
东塘瑞府 1室0厅 2100元,东塘瑞府  ,左家塘租房,1室0厅  ,43平米  ,南,随时看房,2100,1,yuhua
